employee_id,employee_number,employee_name,position
1001,EMP-513553,Mike Kassel,Sales Agent
1002,EMP-891102,Dorotea Mansbridge,Sales Agent
1003,EMP-289693,Rozelle Bloxham,Sales Agent
1004,EMP-706950,Caspar Gumly,Sales Agent
1005,EMP-688435,Howie Heale,Sales Agent
1006,EMP-597295,Ellyn McQuilty,Sales Agent
1007,EMP-696696,Rogers Radcliffe,Cashier
1008,EMP-078518,Damiano Ounsworth,Sales Agent
1009,EMP-561588,Gearard Whaplington,Sales Agent
1010,EMP-246362,Ignatius Mitchinson,Sales Agent
1011,EMP-301584,Gwennie Rao,Sales Agent
1012,EMP-039923,Germain Pickford,Sales Agent
1013,EMP-028077,Clim Beche,Sales Agent
1014,EMP-684390,Jonathon Scamwell,Cashier
1015,EMP-268081,Mellisa Fairbrother,Sales Agent
1016,EMP-673383,Walden Renison,Sales Agent
1017,EMP-265388,Cullen Goodding,Sales Agent
1018,EMP-464871,Yanaton Tapton,Sales Agent
1019,EMP-496136,Claudine Strivens,Sales Agent
1020,EMP-114010,Mikaela Cana,Sales Agent
1021,EMP-101264,Galen Bole,Cashier
1022,EMP-579110,Lucio Heimes,Sales Agent
1023,EMP-251251,Frederik Endrizzi,Sales Agent
1024,EMP-984851,Carney Esson,Sales Agent
1025,EMP-688676,Tracy Clappson,Sales Agent
1026,EMP-874071,Derril Fadden,Sales Agent
1027,EMP-831401,Elsi Conyer,Sales Agent
1028,EMP-181890,Ardelle Habergham,Cashier
1029,EMP-363588,Paddie O'Heffernan,Sales Agent
1030,EMP-470256,Laural Idney,Sales Agent
1031,EMP-764769,Dawna Wingeat,Sales Agent
1032,EMP-626308,Neile Lifton,Sales Agent
1033,EMP-368222,Dyanne Phelan,Sales Agent
1034,EMP-215612,Alaric Carlyon,Sales Agent
1035,EMP-722907,Emelyne Cockran,Cashier
1036,EMP-822938,Redd Kings,Sales Agent
1037,EMP-563889,Valentine Brunicke,Sales Agent
1038,EMP-923956,Robinet Billitteri,Sales Agent
1039,EMP-615597,Job Yendall,Sales Agent
1040,EMP-865585,Kat Harbert,Sales Agent
1041,EMP-798612,Roberto Chapleo,Sales Agent
1042,EMP-568600,Karlik Dundin,Cashier
1043,EMP-805661,Dalenna Nolleau,Sales Agent
1044,EMP-423319,Thedric Hymer,Sales Agent
1045,EMP-684891,Bonnibelle Redmire,Sales Agent
1046,EMP-260985,Curtice Scallan,Sales Agent
1047,EMP-237154,Byran Shayes,Sales Agent
1048,EMP-369678,Tull Fasset,Sales Agent
1049,EMP-935854,Karol Jozwiak,Cashier
1050,EMP-400288,Norby Curtiss,Sales Agent
1051,EMP-191990,Ellissa D'Adamo,Sales Agent
1052,EMP-724110,Quent Towns,Sales Agent
1053,EMP-278567,Ruttger Kipling,Sales Agent
1054,EMP-438252,Torrie Genty,Sales Agent
1055,EMP-241822,Rosalinde Shadwick,Sales Agent
1056,EMP-615650,Antin Veljes,Cashier
1057,EMP-006471,Lorne Sturman,Sales Agent
1058,EMP-445966,Dugald Ferrao,Sales Agent
1059,EMP-593852,Roma Bracken,Sales Agent
1060,EMP-069751,Terrijo Pullar,Sales Agent
1061,EMP-114877,Jermaine Benedit,Sales Agent
1062,EMP-865006,Ruthie Ragate,Sales Agent
1063,EMP-153480,Beverie Titchmarsh,Cashier
1064,EMP-688276,Alex Heyward,Sales Agent
1065,EMP-810878,Karee Liffe,Sales Agent
1066,EMP-687391,Katrine Smalman,Sales Agent
1067,EMP-847927,Stesha Peche,Sales Agent
1068,EMP-863119,Ofella Dwire,Sales Agent
1069,EMP-315118,Allyn Wallwork,Sales Agent
1070,EMP-026352,Aldis Balmforth,Cashier
1071,EMP-035990,Donn Vasilik,Sales Agent
1072,EMP-060679,Marlena Graine,Sales Agent
1073,EMP-861631,Odella Fucher,Sales Agent
1074,EMP-390391,Alexandro Cowing,Sales Agent
1075,EMP-102286,Vicky Grattage,Sales Agent
1076,EMP-893389,Preston Ball,Sales Agent
1077,EMP-551942,Heinrick Durn,Cashier
1078,EMP-481664,Belicia Kedie,Sales Agent
1079,EMP-571664,Toby McNeely,Sales Agent
1080,EMP-182160,Becka Tedorenko,Sales Agent
1081,EMP-653428,Suki Rimmington,Sales Agent
1082,EMP-903808,Madelyn Bedding,Sales Agent
1083,EMP-341703,Trish Rosenfelt,Sales Agent
1084,EMP-074803,Arden O' Borne,Cashier
1085,EMP-730378,Reine Byng,Sales Agent
1086,EMP-436769,Zilvia Delort,Sales Agent
1087,EMP-167983,Gerianne Readmire,Sales Agent
1088,EMP-185473,Gian Blesdill,Sales Agent
1089,EMP-692356,Tabatha Bellow,Sales Agent
1090,EMP-809214,Florida Borrowman,Sales Agent
1091,EMP-644561,Frannie Musselwhite,Cashier
1092,EMP-021799,Juan Ormshaw,Sales Agent
1093,EMP-411635,Noland Kehoe,Sales Agent
1094,EMP-111150,Vaughan Britee,Sales Agent
1095,EMP-929265,Truman Elleton,Sales Agent
1096,EMP-970513,Paulita Mirrlees,Sales Agent
1097,EMP-053117,Celinda Abramowitch,Sales Agent
1098,EMP-092707,Elie Betton,Cashier
1099,EMP-813215,Abbey Sommerscales,Sales Agent
1100,EMP-204254,Claudian Seman,Sales Agent
1101,EMP-454931,Jessi Jovasevic,Sales Agent
1102,EMP-502472,Harlene Kilmister,Sales Agent
1103,EMP-591581,Vernen Stockton,Sales Agent
1104,EMP-102789,Corry Cormack,Sales Agent
1105,EMP-363598,Zebulen Fancutt,Cashier
1106,EMP-645949,Marcellina Buggs,Sales Agent
1107,EMP-415326,Bathsheba Doman,Sales Agent
1108,EMP-320000,Nevile Mcettrick,Sales Agent
1109,EMP-464383,Flore Sprull,Sales Agent
1110,EMP-202302,Andreana Sumers,Sales Agent
1111,EMP-096713,Eben Lambourn,Sales Agent
1112,EMP-404258,Roderic Tomaschke,Cashier
1113,EMP-005843,Keith Roose,Sales Agent
1114,EMP-662102,Hal Kantor,Sales Agent
1115,EMP-256689,Darcey Denholm,Sales Agent
1116,EMP-166600,Maddalena Chill,Sales Agent
1117,EMP-055817,Chase Everleigh,Sales Agent
1118,EMP-505490,Nola Kybird,Sales Agent
1119,EMP-469648,Padgett MacWilliam,Cashier
1120,EMP-325458,Nicko Emps,Sales Agent
1121,EMP-164485,Cathe Liddicoat,Sales Agent
1122,EMP-681317,Sheffield Gildersleaves,Sales Agent
1123,EMP-848332,Rowland Rudgard,Sales Agent
1124,EMP-389626,Riley Strotton,Sales Agent
1125,EMP-089669,Alfie McCabe,Sales Agent
1126,EMP-594359,Bale Bonnaire,Cashier
1127,EMP-137793,Jorie Wollers,Sales Agent
1128,EMP-589968,Yorgo Kiddle,Sales Agent
1129,EMP-659924,Tiphanie Chaize,Sales Agent
1130,EMP-239375,Carolina Paolini,Sales Agent
1131,EMP-013578,Lon Deddum,Sales Agent
1132,EMP-287878,Tootsie Cohan,Sales Agent
1133,EMP-675316,Maure Kilmister,Cashier
1134,EMP-020160,Charmine Veillard,Sales Agent
1135,EMP-299140,Vitoria Cristol,Sales Agent
1136,EMP-577457,Cordey Bearne,Sales Agent
1137,EMP-433054,Eran Clemanceau,Sales Agent
1138,EMP-878925,Shanta Cohane,Sales Agent
1139,EMP-515271,Ketti Balle,Sales Agent
1140,EMP-456338,Kenn Proschek,Cashier
1141,EMP-305373,Filia Waterworth,Sales Agent
1142,EMP-031505,Vinny Loachhead,Sales Agent
1143,EMP-663028,Lauren Cyseley,Sales Agent
1144,EMP-183911,Leta Cyson,Sales Agent
1145,EMP-191564,Fernando Johl,Sales Agent
1146,EMP-143155,Winny Welbourn,Sales Agent
1147,EMP-850560,Holli Haysom,Cashier
1148,EMP-844660,Rey Carlucci,Sales Agent
1149,EMP-496051,Martino Hawkin,Sales Agent
1150,EMP-409326,Randolf Fredi,Sales Agent
1151,EMP-306860,Lianne Patters,Sales Agent
1152,EMP-543807,Langston Rizzelli,Sales Agent
1153,EMP-523200,Serena Haibel,Sales Agent
1154,EMP-223636,Josselyn Ruppertz,Cashier
1155,EMP-387015,Tiffani Simonite,Sales Agent
1156,EMP-330323,Lydon McArdell,Sales Agent
1157,EMP-207325,Adara Ledwich,Sales Agent
1158,EMP-491090,Alden Charke,Sales Agent
1159,EMP-692481,Hollyanne Jimmison,Sales Agent
1160,EMP-754445,Hally Bolliver,Sales Agent
1161,EMP-090402,Ugo Brahan,Cashier
1162,EMP-375252,Marabel Cody,Sales Agent
1163,EMP-378999,Hogan Steel,Sales Agent
1164,EMP-739043,Adolpho Whiting,Sales Agent
1165,EMP-785581,Jeanie Kyd,Sales Agent
1166,EMP-657379,Jeralee Pettwood,Sales Agent
1167,EMP-483665,Flo Kopke,Sales Agent
1168,EMP-294616,Lynette Gresswell,Cashier
1169,EMP-342207,Goldarina Muge,Sales Agent
1170,EMP-717573,Prince Meech,Sales Agent
1171,EMP-651619,Roth Hamby,Sales Agent
1172,EMP-468709,Michal Salomon,Sales Agent
1173,EMP-344867,Klarrisa Turbill,Sales Agent
1174,EMP-189427,Rheba Sevior,Sales Agent
1175,EMP-248098,Evangelina Lympenie,Cashier
1176,EMP-672011,Martin Janeczek,Sales Agent
1177,EMP-280314,Bailie Greengrass,Sales Agent
1178,EMP-609313,Dorelle Dorney,Sales Agent
1179,EMP-827838,Curry Brandolini,Sales Agent
1180,EMP-770379,Dot Bethell,Sales Agent
1181,EMP-772485,Rebecca Pinard,Sales Agent
1182,EMP-111954,Maridel Brager,Cashier
1183,EMP-348817,Aluino Pipes,Sales Agent
1184,EMP-037310,Cullie Chatain,Sales Agent
1185,EMP-357232,Paloma D'Oyley,Sales Agent
1186,EMP-224421,Lia Crimmins,Sales Agent
1187,EMP-633896,Anderea Cobbin,Sales Agent
1188,EMP-521321,Cindi Lister,Sales Agent
1189,EMP-157518,Carmelle Olechnowicz,Cashier
1190,EMP-474076,Fawnia Clarkson,Sales Agent
1191,EMP-783681,Marwin Dible,Sales Agent
1192,EMP-421255,Ambrosi MacAvddy,Sales Agent
1193,EMP-857256,Angus Margery,Sales Agent
1194,EMP-393985,Dodie Vanyard,Sales Agent
1195,EMP-797547,Wainwright Glasspoole,Sales Agent
1196,EMP-066088,Osmond Kiffin,Cashier
1197,EMP-034968,Sutton Grundwater,Sales Agent
1198,EMP-987832,Hamnet Gleave,Sales Agent
1199,EMP-505506,Gaylor Kohrding,Sales Agent
1200,EMP-647686,Ethelda MacRonald,Sales Agent
